10 richest states in usa 2018	These Are The 10 Richest States In America For 2018 #1. New Hampshire. 2. Minnesota. 3. Hawaii. 4. Maryland. 5. North Dakota. 6. Virginia. 7. Utah. 8. Wyoming. 9. Massachusetts. 10. Vermont. 	1
10 steps to organizing your computer	10 Steps To Organizing Your Computer: Step 3 – Desktop Organization #Step 1: System Cleanup. Step 2: Internet Connection. Step 3: Desktop Organization – You’re here! Step 4: Organizing Computer Bookmarks. Step 5: Email Organization. Step 6: Computer Documents. Step 7: Delegating To Your iPhone. Step 8: Organizing Digital Photos. Step 9: Password Organization. Step 10: Maintenance. 	1
10 symptoms of anemia	Symptoms common to many types of anemia include the following: #Easy fatigue and loss of energy. Unusually rapid heart beat, particularly with exercise. Shortness of breath and headache, particularly with exercise. Difficulty concentrating. Dizziness. Pale skin. Leg cramps. Insomnia. 	1
20 natural ways to increase your libido	How to Increase Your Libido the Natural Way #1. Get Sufficient Sleep. 2. Lift Weights. 3. Eat Brazil Nuts. 4. Keep A Handle On Stress With Meditation. 5. Eat Fats. 6. Get More Sun. 7. Lose Some Weight. 8. Try Natural Aphrodisiac Supplements. 9. Red Wine. 10. Dark Chocolate. 	1
4 beet cook time in pressure cooker	How to cook beets in a pressure cooker–straightforward directions : #Choose 3 or 4 medium to large beets. (5 to 8 ounces each). Scrub the beets well but do not peel. Trim off any root "hair". Lock the lid in place. In the Instant Pot, press Manual and adjust the timer for 15 minutes. If you have a few extra minutes, allow the pressure to come down... 	1
add guest account with windows 10	How to Create a Guest Account in Windows 10 #Right-click on the Windows button and select Command Prompt (Admin). Click Yes when asked if you want to continue. Type the following command and then click Enter: net user Visitor /add /active:yes. Press Enter twice when asked to set a password. This will create a blank password for the account. 	0
adobe photoshop how to cut out image	How to Cut Out Text From an Image in Adobe Photoshop #Step 1: Open Adobe Photoshop. Step 2: Open a New Document. Step 3: Adjust Settings. Step 4: Place an Image. Step 5: Adjust Image. Step 6: Add Text Box. Step 7: Enter Text. Step 8: Adjust Text. Step 9: Create Clipping Mask. Step 10: Finish Project. 	0
all new smash bros characters	Smash Bros. Brawl Stages #75M (Donkey Kong). Bridge of Eldin (Zelda Twilight Princess). Castle Siege (Fire Emblem). Delfino Plaza (Super Mario Sunshine). Distant Planet (Pikmin). Flat Zone 2 (Game & Watch). Frigate Orpheon (Metroid Prime). Green Hill Zone (Sonic the Hedgehog). Halberd (Kirby). Hanenbow (Electroplankton). Luigi’s Mansion. Lylat Cruise (Star Fox). 	1
amazon how to return kindle rented books	To return an eligible Kindle book: #Go to Manage Your Content and Devices. From the Your Content tab, select the Actions [...] button next to the title you want to return, and then select Return for Refund. In the pop-up window, select Return for Refund. 	1
amc theater quad cities	amc theaters in Quad Cities | 24 results #Cinemark Davenport 53rd 18. Effective Digital Presentations. Genesius Theatre Foundation. Great Escape Moline 14. McDonald's. Moline Stadium 14. Regal Moline Stadium 14. Super Cinemas Davenport. Blue Grass Drive Inn. De Witt Opera House Theatre. Alder Theatre. Circa 21 Dinner Playhouse. Galvin Fine Arts Center. Junior Theatre. 	0
anti imflammotory fruits	Top 15 Anti-Inflammatory Foods #1. Green Leafy Vegetables. 2. Bok Choy. 3. Celery. 4. Beets. 5. Broccoli. 6. Blueberries. 7. Pineapple. 8. Salmon. 9. Bone broth. 10. Walnuts. 11. Coconut oil. 12. Chia seeds. 13. Flaxseeds. 14. Turmeric. 15. Ginger. 	1
anuerism in the brain symptoms	Common signs and symptoms of a ruptured aneurysm include: #Sudden, extremely severe headache. Nausea and vomiting. Stiff neck. Blurred or double vision. Sensitivity to light. Seizure. A drooping eyelid. Loss of consciousness. Confusion. 	1
apa what do you cite a whole paragraph	How to Cite a Whole Paragraph From the Same Source in APA Format #Short Paragraph. If the paragraph has fewer than 40 words, put it within quotation marks. Long Paragraph. If the paragraph is 40 words or longer, create a block quote. References Page. Include any in-text quotations on the References page. 	1
apn settings o2	O2 APN Settings #Internet APN. Swipe downwards from the top of the screen to get you to the notification panel. MMS APN. Tap Menu (3 dots) > Settings. Tap Text messages, then tap Advanced. Windows Phone 8.1. Swipe the screen from right to left to open your apps list. 	1
appreciating a boyfriend	How to Appreciate Your Boyfriend #Write down the different ways you appreciate your boyfriend. Think positively. Avoid negative talk. Look at the big picture of your relationship. Tell him why you appreciate him. Give him compliments. Become aware of the little things your boyfriend does for you. Ask him about his day/week. Listen to your partner. 	1
backup iphone6 to icloud	How to Back Up an iPhone to iCloud - Setting Up Backup #Open Settings. Tap your Apple ID. Tap iCloud. Select iCloud data to back up. Scroll down and tap iCloud Backup. Slide "iCloud Backup" to the "On" position. 	0
beaches for kids in ohio	Ohio Beach Resorts #Best Western Port Clinton. Cedar Point's Hotel Breakers. Maumee Bay Lodge and Conference Center. Shawnee Lodge and Conference Center. Cedar Point's Castaway Bay. Punderson Manor Lodge and Conference Center. Burr Oak Lodge and Conference Center. Great Wolf Lodge. Sawmill Creek Resort. Hocking Hills Resort. Crowne Plaza Cleveland Airport. 	0
become a phoenix police officer	How to Become a Police Officer in Phoenix #Be a US citizen. Be at least 20.5 years of age at the time of application. No history of criminal conduct. Must have a high school diploma or GED equivalency. Must have not been dishonorably discharged from the US Armed Forces. Be in sound mental and physical health. 	0
becoming a llc in wi	To start an LLC in Wisconsin, follow the simple steps listed below: #STEP 1: Name your LLC. STEP 2: Choose a Registered Agent. STEP 3: File the Articles of Organization. STEP 4: Create an Operating Agreement. STEP 5: Obtain an EIN. 	1
benefits for sweet potatos	10 health benefits of sweet potato #Prevents Heart Disorders. Wards off Cold and Flu. Contains Vitamin D. Increases Immunity. Fights Cancer. 	1
benefits of a martial art	Benefits of Martial Arts Training #Lower Cholesterol. Lower Your Blood Pressure. Reduce Systemic Inflammation. Boost Endurance. Improve Balance. Develop Rock-hard Muscle Tone. Melt Away Stubborn Body Fat. Skyrocket Your Metabolism. Mental Toughness & Focus. Unshakeable Self Confidence. 	1
benefits of a spine fusion	What Are the Benefits of Spinal Fusion Surgery? #Reduced occurrence of debilitating pain. Vertebral problems can cause excruciating pain. Stability for decompression surgery. In some instances, the removal of bone tissue in spinal... Increased mobility. Many individuals who have one- or two-level fusion surgeries... Less or ceased use of pain medications. 	1
benefits of amla powder ingestion	Top 15 Benefits of Indian Gooseberry or Amla #Boosts Immunity. Indian gooseberries are a natural immune booster as they contain... Controls Diabetes. Gooseberry contains chromium, which has a therapeutic value for diabetic... Aids in Digestion. Amla is very high in fiber, like most fruits. Prevents Heart Diseases. Amla powder strengthens the heart muscles,... 	1
benefits of cold showers and hair growth	Benefits of Cold Showers: 7 Reasons Why Taking Cool Showers Is Good For Your Health #1. Increases Alertness. 2. Refines Hair and Skin. 3. Improves Immunity and Circulation. 4. Stimulates Weight Loss. 5. Speeds Up Muscle Soreness and Recovery. 6. Eases Stress. 7. Relieves Depression. 	0
benefits of goat s milk soap	Goat Milk Soap Benefits #Alpha Hydroxy Acids. Goat milk contains alpha-hydroxy acids such as lactic acid which help remove... Vitamins. Goat milk contains many vitamins, but is particularly high in Vitamin A,... Cream. Fat molecules are an important part of making good soap. Minerals. Goat milk contains important minerals for the skin such as selenium. 	1
benefits of stairmasters	Here are six great benefits of using a Stairmaster Stepmill: #1. Engages the body’s largest muscle groups to repeatedly lift your body weight up, step after step. 2. Maximizes your cardio time and efforts by raising your heart rate immediately – 20 minutes... 3. Increases core muscle strength by requiring simple balance and significant strength. 	1
best breakfast places in newport news	Newport News Breakfast Restaurants #First Watch. Food Craft Yorktown 2.4 mi away. Tommy's Restaurant Hampton 4.8 mi away. Byrd's Restaurant. Panera Bread. Aromas World - Specialty Coffees & Gourmet Bakery. Indulge Bakery and Bistro. Papou George's Hot Dogs. Cracker Barrel. Waffle House. Vancostas. Warwick Restaurant. Belgian Waffle & Steak House. Sage Kitchen. 	1
best celebrations in ireland	Top 10 Festivals in Ireland #Puck Fair in Killgorin, County Kerry. Lisdoovarna Matchmaking Festival. Dublin St. Patrick’s Day Parade. Fleadh Traditional Irish Music Festival. Dublin Horse Festival. Redhead Convention, County Cork. Kilkenny Arts Festival. Rose of Tralee Beauty Pageant. National Ploughing Championship in County Laois. Galway Oyster Festival. 	1
best rv sites in twin cities area	8 Best Places to Camp Around the Twin Cities Metro Area #1. Afton State Park. 2. Lake Maria State Park. 3. Baker Park Reserve. 4. Cleary Lake Park. 5. Nerstrand Big Woods State Park. 6. William O’Brien State Park. 7. Lebanon Hills Regional Park. 8. Carver Park Reserve. 	0
best september honeymoon locations	Best September Honeymoon Destinations #1. Montreal, Canada. 2. Dubrovnik, Croatia. 3. Nice, France. 4. Paxos, Greece. 5. Sardinia, Italy. 6. North Devon, England. 7. Madagascar. 8. Maldives. 9. Tenerife, Canary Islands. 	1
best texas vacation destinations	8 of the Best Summer Vacation Destinations in Texas #Corpus Christi. Concan, Texas. Galveston, Texas. New Braunfels, Texas. Austin, Texas. San Antonio, Texas. Big Bend National Park. South Padre Island, Texas. See Also: 11 Hidden Gems of the Texas Hill Country. Now Watch: This Giant House in Houston is up for Grabs. 	1
bif four accounting firms	The Big 5 Accounting Firms were: #Ernst & Young (EY). Deloitte & Touche. Arthur Andersen. KPMG. PricewaterhouseCoopers (PwC). 	0
block axis credit card	You can also block your credit card through Axis Mobile Banking: #Login to the Axis mobile app. Go to banking option. Select Services. Choose credit card from the available options. Click on block and replace card. 	1
book how to use a cash register	How to Use a Cash Register - Making a Sale #Enter a security code or password to use the register. Key in the amount for the first item. Hit the corresponding department button. Add any necessary discounts to the price. Key in amounts for the remaining items. Hit the subtotal button. Determine how the customer is going to pay. Close the till drawer. 	0
building a seawall	How to Build a Seawall #Survey the area. Track the high water mark. Research local regulations. Gather supplies. Prepare metal pipes. Dig holes. Set poles. Pour concrete. Cutting your lumber. Drill holes for rebar. Install boards. Fill in the land side. Maintaining your seawall. 	1
calling to thailands from us	To call Thailand from the U.S., you can follow these simple dialing directions: #First dial 011, the U.S. exit code. Next dial 66, the country code for Thailand. and finally the phone number (8 digits). 	1
can i check the power steering fluid	How to Check and Add Power Steering Fluid - Steps #Look for the reservoir cylinder. Check the level of the power-steering fluid. Examine how much of the dipstick is covered by power-steering fluid. Examine the color of the power-steering fluid. Add power-steering fluid as needed to the correct fill level. Replace the cylinder cap. 	1
can i connect an xbox one controller to a pc	That can be used to Connect Xbox One Controller to PC through, Add a device in Settings: #Press the Windows logo key and "I" together to open the Settings window. Then click devices. After that click Add Bluetooth or other devices. Click everything else. Go on to select your Xbox One controller and click on done. Now you can easily get Connect Xbox One Controller to PC. 	1
can you have your cell phone number unlisted	How to Put Your Cell Phone on an Unlisted Number List #Tell your service provider that you do not want your cell phone number listed when you sign up for service. Visit the National Do Not Call Registry (link in Resources). Call the National Do Not Call Registry as an alternative method of registration. Direct telemarketers and all other unwanted callers to take you off their list. 	1
can you link to an email	How to Put a Link in an Email - Using Gmail #Open Gmail. Click COMPOSE. Enter your email's information. Select the hyperlink text. Click the "Insert link" icon. Type in your URL. Click OK. 	0
can you put audio on google slides	How to Add Sound to a Google Presentation - Enabling Automatic Audio #Go back to your presentation's first slide. Right-click the video. Click Format options.... Click Video playback. Check the "Autoplay when presenting" box. Enable autoplay for the other slides. Play your presentation to test the audio. Separate the videos' timestamps manually. 	1
can you put vodka in chili	Chili Infused Vodka - DIRECTIONS #Quarter all the fresh peppers and the horseradish. Take your lime and make about twenty slits in the peel all over the lime. Put all the ingredients into a clean, sterilized wide mouthed jar. Put the vodka in a cool, dark place. Cover with a dish cloth if you like. Every day, shake it. 	1
can you sync mac contacts to an android phone	How to sync an Android phone to your Mac #Contacts. First, you must set up your phone to sync with your Google account. Calendar. To sync your Android/Google calendar with iCal, open the iCal app on your Mac... Media. One of the easiest ways to sync media, including music, videos, photos, and podcasts,... Files. Syncing nonmedia files, such as documents... 	0
car restoration companies in new jersey	New Jersey Automobile Restoration Companies #American Automotive. American Collectors Insurance. Back-In-Time. Best Blast Of NJ. Bill's Ultimate Amoco Inc. Brothers Mercedes Inc. Carcrafters LLC. Classic Auto Restoration Inc. Classic Garage. Collector Parts. Everlast Auto Interiors & Tops. Fred's Auto Body. Gaslight Auto Restoration. Gelsi Mustang World. Hullco-Layton Garage. 	1
cast of supermansion mansion	Cast #Bryan Cranston as Titanium Rex. Keegan-Michael Key as American Ranger, Sgt. Agony. Heidi Gardner as Cooch. Tucker Gilmore as Black Saturn. Zeb Wells as Jewbot/Robobot. Jillian Bell as Titanium Lex/Lex Lightning. Tom Root as Brad. Chris Pine as Dr. Devizo. Breckin Meyer as Courtney. Yvette Nicole Brown as Zenith/Portia Jones. 	1
cdc signs and symptoms of tb	Other symptoms of TB disease may include: #Weakness or fatigue. Weight loss. No appetite. Chills. Fever. Sweating at night. 	1
celebrities that turned to drugs	30 Famous Actors and Actresses Who Have Battled Drug Addiction and Alcoholism #1. Drew Barrymore. 2. Mary-Kate Olsen. 3. Lindsay Lohan. 4. Tila Tequila. 5. Mischa Barton. 6. Corey Haim. 7. Jeremy London. 8. River Phoenix. 9. David Hasselhoff. 10. Robert Downey Jr. 11. Farrah Fawcett. 12. Nicole Richie. 13. Heath Ledger. 14. Jason Cook. 15. Macaulay Culkin. 16. Edie Falco. 	1
change document to color	How to Change the Color of a PDF Document #Open the PDF in Acrobat Pro like this: Click "File" on the menu bar and choose "Open."... Click "Document" on the menu bar, choose "Background," and then select "Add/Replace" from... Click the "From Color" radio button to select it. Click a color swatch next to "From Color." Choose a color from the swatches on... 	1
change jpeg color	How to Change the Color of a JPG in Photoshop #Open Photoshop. Select "File" and click "Open." Then browse to the JPG that you want to change... Select the "Magic Wand" tool from the tool bar. Select "Image," then Adjustments," and click "Hue/Saturation." Click in the box next to "Colorize."... 	1
change screen resolution size in windows 10	How to Change Screen Resolution in Windows 10 #Click the Start button. Select the Settings icon. Select System. Click Advanced display settings. Click on the menu under Resolution. Select the option you want. We strongly recommend going with the one that has (Recommended) next to it. Click Apply. 	1
change setting for outlook pst	How to Change Default Location for Outlook Data File (PST & OST) #Press the Win + R keys in a meanwhile to open the Run box. Type regedit and click OK . When the Registry Editor launches, navigate to one of the following keys,... At the right-side pane, right-click on any blank area and select New -> Expandable String Value . 	1
cheapest things to do in key west	Things to Do in Key West‎ #Key West Butterfly and Nature Conservatory. The Ernest Hemingway Home and Museum. Mallory Square. Duval Street. Boat Tours (137). Fishing Charters & Tours (118). Scuba & Snorkeling (52). Gear Rentals (32). Dolphin & Whale Watching (24). 7 Artists & Friends. Dry Tortugas National Park. Kayaking & Canoeing (20). Key West Firehouse Museum. 	0
check fluorescent ballast	How to Check If the Ballast Is Bad in Fluorescent Lighting #A fluorescent fixture requires a ballast to send the proper amount of electricity to... Turn off the fluorescent fixture's circuit breaker inside the breaker panel. Remove the fluorescent bulbs from the fixture. Remove the ballast cover from the fixture, if the ballast is not already exposed. 	1
chicken brocolli stuff shells	Cheesy Chicken & Broccoli Stuffed Shells - INGREDIENTS #1 (16 ounce) box jumbo pasta shells. 2 tablespoons butter. 3⁄4 cup chopped onion. 2 (10 ounce) bags frozen broccoli, thawed &, well drained. 1 1⁄2 cups cooked chicken, chopped. 1 cup light cream or 1 cup half-and-half. 1 1⁄2 cups shredded mozzarella cheese. 1⁄2 cup sour cream. 1 egg, slightly beaten. 	1
cite source in a powerpoint slide	How to Cite Sources in a PowerPoint Presentation #Open your PowerPoint presentation file and go to the slide with the item that needs to be cited. Click the "Insert" menu and choose "Text Box." Type the citation in the text box, including the author, title, source and date (if applicable). Double-click the text to select it and use... 	1
clear a bruise quickly	How to Make a Bruise Go Away Faster - Applying a Home Remedy #Rub vinegar and water on your bruise. Eat pineapple or papaya. Apply and ingest vitamin C. Ingest bilberry extract. Crush parsley and rub it directly on the bruise. Eat fresh ginger. Mix cayenne pepper in Vaseline. Make a comfrey root paste. Soak the bruise in witch hazel oil. Use oral bromelain supplements to speed healing. Peel a banana. 	1
common factors of 18 and 34	The gcf of 18 and 34 can be obtained like this: #The factors of 18 are 18, 9, 6, 3, 2, 1. The factors of 34 are 34, 17, 2, 1. The common factors of 18 and 34 are 2, 1, intersecting the two sets above. In the intersection factors of 18 ∩ factors of 34 the greatest element is 2. Therefore, the greatest common factor of 18 and 34 is 2. 	1
common white birds of louisiana	Common Birds of Louisiana #BROWN PELICAN. Almost every person in Louisiana is familiar with the Brown Pelican. CATTLE EGRET. The Cattle Egret is a small white heron that was originally found only in Africa,... SNOWY EGRET. Snowy Egret: Here it is shown caring for the young. 	1
connect xbox phone	How to connect your phone to an Xbox One #Step 1: Download the Xbox app. Step 2: Connect to your network. Step 3: Sync your smartphone with your console. Step 4: Use the app. Step 5: Control your Xbox One with the app. 	1
control of fungus gnats	Fungus Gnat Control #Inspect plants thoroughly prior to purchase for signs of insect pests. Fungus gnats do best in damp soils; be careful not to overwater,... If pests are present, allow the soil to dry to a depth of one to two inches between waterings. Use Yellow Sticky Traps placed horizontally at the soil surface to capture large numbers... 	1
cooking chestnuts on campfire	How to Cook Chestnuts - Roasting Chestnuts Over an Open Fire #Rinse the chestnuts. Score the shells. Put the nuts in a cast iron frying pan. Prepare the fire. Place the pan on the coals for 5 minutes. Turn the nuts over. Roast the nuts for another 5 minutes. 	0
copd medications us	Here are the types of medications generally prescribed for people with COPD: #Bronchodilators. Combination Bronchodilator and Anti-Inflammatory Medications. Other COPD Medications. Devices for Inhaled Medications. 	1
create a hyperlink to a location in email	Create or edit a hyperlink - Create a hyperlink to a new email message #Select the text or picture that you want to display as a hyperlink. On the Insert tab, click Hyperlink . Under Link to, click E-mail Address. Either type the email address that you want in the E-mail address box, or select an address in the Recently used e-mail addresses list. In the Subject box, type the subject of the message. 	1
create account new aol	How to Create a New AOL Mail Account #Visit the AOL Mail "Sign In" Web page (link in Resources). Select the "Sign up for a FREE account" link. Type in your name, username and any other required information on the "Let's create your account"... Log in to your alternate email account and open the confirmation message from AOL. 	1
creating an icloud	How to Create an iCloud Account - Using iCloud.com #Go to www.icloud.com. Click on Create yours now. Enter an email address. Enter a password and confirm it. Enter your first and last name. Enter your birth date. Scroll down and create three security questions. Scroll down and select your country. Scroll down and check or uncheck... 	1
cw shows on netflix	The CW Shows Coming to Netflix in 2018 #Valor (Season 1). Dynasty (Season 1). Riverdale (Season 2). Supernatural (Season 13). Arrow (Season 6). The Flash (Season 4). Jane the Virgin (Season 4). Crazy Ex-Girlfriend (Season 3). Supergirl (Season 3). iZombie (Season 4). The 100 (Season 5). 	1
define the concept of attitude	Concept, Definition of Attitude #• Against objects or conduct specific predictive purposes of conduct, market studies. • Groups or ethnic minorities, through the study of prejudices and stereotypes. • Weekends and abstract objectives, where this type of attitude is defined as personal value. • The attitude in relation to itself, defined as self-esteem. 	0
delete browsijng history	To clear your browsing history in Internet Explorer: #Open an Internet Explorer browser window. Press Ctrl + Shift + Del to open the Delete Browsing History window. Check the boxes of the data you'd like to clear. Click Delete. 	1
delete history on google account	How to Delete Google History #Go to google.com or gmail.com and sign into your Google account. Go to Google.com/History. Specify the type of history you would like to remove. Choose whether you want to delete only certain parts of your Google history. Select individual items in each category. Click the "Remove Items" button to delete this specific... 	1
delete rosetta stone	How to deactivate my Rosetta Stone program #1. Open Rosetta Stone and go to the home screen . 2. Click the Gear icon on the top right corner of the application. 3. Click Manage Languages . 4. Click Deactivate Products . 5. Click the box next to the language levels you wish to deactivate . 6. Click Deactivate Selected Products . 	1
delete this station off my pandora account	How to delete stations on Pandora on an iPhone – #Open the Pandora app. Tap the My Stations tab. Locate the Pandora station to delete, then swipe left on it. Tap the Delete button. Press the Delete button to confirm that you want to delete the station. 	1
diabetes emlitis	The symptoms of diabetes include: #Increased thirst. Increased hunger (especially after eating). Dry mouth. Frequent urination. Unexplained weight loss (even though you are eating and feel hungry). Weak, tired feeling. Blurred vision. Numbness or tingling in the hands or feet. Slow-healing sores or cuts. Dry and itchy skin (usually in the vaginal or groin area). Frequent yeast infections. 	1
different types of blocked pores	Types of Clogged Pores #Microcomedones. Basic acne lesions are called microcomedones, which occur when hair follicles become... Whiteheads. Microcomedones transition into non-inflamed blemishes known as comedones. Blackheads. Blackheads are much like whiteheads in that they are the result... Papules and Pustules. If the follicle wall... 	1
disable proxy server settings	How to Disable Proxy Settings in Internet Explorer #Click the Tools button and then select Internet Options. Click the Connections tab and then select LAN settings. Uncheck the check box for Use a proxy server for your LAN. Click OK until you return to the Internet Explorer browser. Your proxy settings should now be disabled. 	1
disable uac on adobe photoshop	Disable User Account Control (UAC) | Windows Vista - Enable User Account Control (UAC) #Choose Start > Control Panel. Click User Accounts, and then click User Accounts again. Click Turn User Account Control On Or Off. Select the Use User Account Control (UAC) To Help Protect Your Computer option, and then click OK. Click Restart Now. 	0
do you have to be a resident to be a notary in missouri	To qualify for a notary commission as a Missouri resident, an applicant must meet certain legal qualifications: #Be at least 18 years of age; Be a registered voter of the county within and for which the applicant is to be commissioned,... Apply for the county in which they legally reside and be commissioned for this same county; 	0
do you have to become a cop to be a crime scene investigator in pa	Steps to Becoming a Crime Scene Investigator #Step 1: Earn a Bachelor's Degree. Step 2: Complete a Police Academy. Step 3: Gain Work Experience. Step 4: Get Certified. Step 5: Continue Education To Advance Career. 	0
do you know how to play overwatch	15 Things You Should Know Before Playing Overwatch #Start with an easy character. Pay attention to team composition. Follow the signs. Stick with your team. Listen to the audio cues. Go for the objective. Learn the maps. Try every character. Use your environment. Fiddle with your controls. Aim for the head. Get rid of enemy healers. Resist purchasing loot boxes. Play with friends. Outfit your hero. 	0
do you wear jordans	How to Wear Jordans - Wearing your Jordans #Allow your Jordans to be the centerpiece of your outfit. Pair your Jordans with slim jeans that fit your body type and enhance your shoes. Wear low-cut socks with your Jordans. Tuck your jeans into your shoes. Color-coordinate your outfit with your Jordans. Choose a top with colors that blend well with your outfit and shoes. 	0
draw a tattoo	How to Draw Your Own Temporary Tattoo #Gain inspiration from other people's tattoos. Determine the location of the tattoo. Look through tattoo artist's portfolios'. Think of ideas that are personal to you. Start simple. Sketch out your different ideas. Draw the outline of your tattoo first. Add smaller details and fill in colors. Get creative and unique. 	0
drinking beer swollen face	Natural Remedies For Swollen Face Due To Drinking #Drink lots of water. Water helps flush out the toxins and traces of alcohol. Limit the intake of salt. Limit the consumption of processed foods as they can lead... Dandelion roots and Kelp helps improve liver functions and restricts the damage caused by excessive... Homeopathic drug namely Arsenic Alb is... 	1
duties of secretarial	Secretary Job Duties: #Produces information by transcribing, formatting, inputting, editing, retrieving, copying,... Organizes work by reading and routing correspondence; collecting information; Maintains department schedule by maintaining calendars for department personnel; arranging meetings,... Completes requests by greeting customers,... 	1
easy and best ab exercises	10 Best Muscle-Building Ab Exercises #1. Hanging Leg Raise Or Knee Raise. 2. Machine Crunch. 3. Cable Pallof Press. 4. Kneeling Cable Crunch. 5. Decline-Bench Crunch With Medicine Ball. 6. Squat. 7. Decline Russian Twist With Medicine Ball. 8. Ab-Wheel Roll-Out. 9. Exercise-Ball Pike. 10. Plank. 	1
ecstasy smokes ingredients	Ecstasy Herbal Cigarettes may contain one or more of the following herbal and other natural ingredients: #Marshmallow Leaf. Rose Petals. Red Clover. Clove Powder. Liquorish. Wild Lettuce. Sage. Apple Juice. Honey. Acetic Acid. Vanilla Liquid. 	0
effects of cyanide ingestion	Chronic cyanide poisoning (over a long period of time) from ingestion or environmental poisoning will have a more gradual onset, and symptoms may include: #Headache. Changes in taste. Vomiting. Chest pain. Abdominal pain. Anxiety. 	1
enable autofill edge	how to enable autofill on Microsoft edge #1) Click on the More actions (...) icon next to the feedback icon present on top right corner of the Microsoft Edge browser. 2) Click on Settings option. 3) Click on View advance settings button. 4) Toggle on the Save form entries. 	1
est things to do in atlantic city	Things to Do in Atlantic City‎ #The Quarter at Tropicana. Borgata Casino. New Jersey Korean War Memorial. Room Escape Games (1). Absecon Lighthouse. Tanger Outlets. Caesars Atlantic City Casino. Movie Theaters (1). Resorts Atlantic City Casino. In the Line of Duty Sculpture. Tropicana Casino. Atlantic City Boardwalk. Golden Nugget Atlantic City. Steel Pier Amusement Park. 	1
excel how to change graph line color	How to Change Grid Line Colors on a Chart With Microsoft Excel #Open your spreadsheet in Microsoft Excel and click the graph to select it. Click the "Layout" tab. Click "Gridlines" from the Axes group,... Click "Solid Line" from the "Line Color" options. Click the "Color" paint bucket icon and select the appropriate color from the drop-down menu. 	1
exercises for hand wrist osteoarthritis	Wrist Exercises for Arthritis #Wrist Circles. Rest your wrist against a flat surface, and allow your hand to hang off the edge. Windshield Wipers. Rest your hands in the same position used for the wrist circles. Twisting. Begin with your wrists against a flat surface, with your palms facing the floor. Flex and Extend. Rest one hand against... 	1
facebook change messenger settings	How to Change Facebook Messenger Settings #Open the Messenger application on your Android device. Press the menu button on your phone. Tap the "Settings" option. Tap the "Alerts" item to set Alerts as "On" or "Off." Check the boxes next to the Facebook Messenger alerts to enable Sound, Vibration or Light alerts. Press the back button when you're finished making changes to Messenger settings. 	1
facts on van gogh	Top 10 Facts About Vincent van Gogh #1. He was born in Holland. 2. He had a brother with the same name. 3.He was supposed to be a pastor. 4. He didn’t start painting until he was older. 5. He enjoyed painting himself. 6. He produced his most famous artwork while in a mental hospital. 7. He was very prolific. 8. He was best friends with another artist. 	1
fall lawn care tips minnesota	7 Fall Lawn Care Tips for Minneapolis, MN Homeowners #1. Mowing Your Lawn. 2. Raking Leaves. 3. Recycling Leaves. 4. Watering Your Lawn. 5. Fertilizing Your Lawn. 6. Broadleaf Weed Control. 7. Seeding and Sodding Your Lawn. 	1
famous people in smithville tn	Tennessee Famous #Roy Acuff musician "king of country music". James Agee author, screenwriter, poet. Lamar Alexander politician. Deborah Allen singer. Robert Clay Allison gunfighter. Duane Allman musician, allman brothers band. Gregg Allman singer, musician, allman brothers band. William Anderson u s navy officer, politician, author. Eddy Arnold singer. 	0
famous people of el salvador	Famous people from El Salvador #Óscar Romero. Rodolfo Zelaya. Mágico González. Álvaro Torres. Mauricio Funes. Antonio Saca. Roque Dalton. Maximiliano Hernández Martínez. Keoki. Jaime Alas. José Napoleón Duarte. Farabundo Martí. Rafael Burgos. Joel Aguilar. Alfredo Cristiani. Mari Possa. Erwin Raphael McManus. Ronald Cerritos. Eliseo Quintanilla. Ivan Menjivar. Francisco Flores Pérez. 	1
fedex envelope sizes	FedEx Envelope #Inside dimensions: 9.252" x 13.189" (23.5cm x 33.5cm). Maximum weight allowed: 17.6 oz. (500 g).*. Weight when empty: 1.8 oz. For documents (up to approximately 60 pages, 8.25" x 11.75", 21 x 29.7 cm). 	1
file explorer on taskbar	How to re-pin File Explorer to Taskbar #• Open Start Menu by clicking on the Windows icon in bottom left corner or press the Windows key. • Click on the File Explorer icon near bottom left of Start Menu... • File Explorer will open and button will appear on TaskBar, right click on... • Left click and hold on the button and drag to the your favored position. 	1
food sources for posphorus	What are the main food sources of phosphorus? #Oat bran. Halibut. Wild salmon. Soybeans. Sunflower seeds. Lentils. Crab. Cereal. 	1
foods or drinks good for kidneys	The foods that are particularly well suited for keeping the kidneys clean are as follows (all preferably organic): #Cranberry juice. Grape juice. Freshly squeezed orange juice and grapefruit juice. A Lemon or Lime wedge squeeze in a glass of purified water. Watermelon. Blueberries and Cranberries. Apples. Grapes. Cooking with Ginger and Turmeric. Garnish salads and meals with Parsley. Kale. Pumpkin seeds. 	1
foods that boost immune ssytem	15 Foods That Boost the Immune System #1. Citrus fruits. 2. Red bell peppers. 3. Broccoli. 4. Garlic. 5. Ginger. 6. Spinach. 7. Yogurt. 8. Almonds. 9. Turmeric. 10. Green tea. 11. Papaya. 12. Kiwi. 13. Poultry. 14. Sunflower seeds. 15. Shellfish. 	1
foods that have vitiam a	15 Foods High in Vitamin E #1. Almonds. 2. Raw Seeds. 3. Swiss Chard. 4. Mustard Greens. 5. Spinach. 6. Turnip Greens. 7. Kale. 8. Plant oils. 9. Hazelnuts. 10. Pine Nuts. 11. Avocado. 12. Broccoli. 13. Parsley. 14. Papaya. 15. Olives. 	0
